artist_id,album_name,album_id
510,God Bless Amerika,37316
510,"Alternative Times, Volume 104",1270970
510,"2001-04-26: Surprise Gig at CBGB: CBGB Studio, New York, NY, USA",37308
510,"1,039/Smoothed Out Slappy Hours",28095
510,Warning:,15346
510,Warning:,1300389
510,Welcome to Paradise,105418
510,Geek Stink Breath,66540
510,Nice Guys Finish Last,37304
510,21st Century Breakdown,759815
510,American Idiot,15341
510,Shenanigans,1323111
510,"2004-10-02: Potsdam, Germany",957377
510,"1998-05-06: Nice Guys Finish Last: House of Blues, Myrtle Beach, SC, USA",30912
510,"2005-01-15: Böblingen, Germany",902931
510,"2004-10-02: Potsdam, Germany",1194424
510,American Idiot,375252
510,Greatest Hits,1194106
510,Bowling Bowling Bowling Parking Parking,481214
510,"Channel Z: The Best Of, Volume 2",60863
510,21st Century Breakdown,544802
510,Shenanigans,148996
510,"1995-09-02: Attack of Insomnia: Johanneshov, Stockholm, Sweden",37309
510,Nautical Nonsense,892479
510,NRJ Summer Hits Only 2009,617010
510,Pop Disaster Tour,727155
510,"1,039/Smoothed Out Slappy Hours",435716
510,"Tropical Vibes, Vol. 1",2165998
510,"1994-11-10: Aragon Ballroom, Chicago, IL, USA",1201810
510,"1998-11-01: Live in Buenos Aires 1998: Parque Sarmiento, Buenos Aires, Argentina",37313
510,"1994-03-15: Washington, DC, USA",979142
510,More Boring Days,542111
510,Longview,104419
510,Longview,656344
510,21st Century Breakdown,544793
510,"1,039/Smoothed Out Slappy Hours",31965
510,Live USA,1167157
510,"1,039/Smoothed Out Slappy Hours",436093
510,Shenanigans,8237
510,21st Century Breakdown,537241
510,Poprocks & Coke,1074298
510,Know Your Enemy,1179476
510,International Superhits!,554824
510,Shenanigans,1221342
510,Angus: Music From the Motion Picture,24028
510,Warning:,1433808
510,Brain Stew / Jaded,37318
510,Geek Stink Breath,15358
510,Shenanigans,28199
510,Know Your Enemy,527978
510,Kerrang! The Album '09,569382
510,Dookie Demos,941254
510,"1,039/Smoothed Out Slappy Hours",554643
510,"Meedeiners, Volume 06",980546
510,Pop Disaster Tour Sampler,946663
510,21st Century Breakdown,658522
510,21st Century Breakdown,537235
510,"1998-02-03: A Day Out in Paris: Élysée Montmartre, Paris, France",37303
510,Spitting,86585
112461,Fall Out Boy's Evening Out With Your Girlfriend,46215
112461,Infinity on High,490045
112461,Folie à deux,477002
112461,America's Suitehearts,672259
112461,"America's Suitehearts: Remixed, Retouched, Rehabbed and Retoxed",1039912
112461,From Under the Cork Tree,369876
112461,Folie à deux,477502
112461,Folie à deux,768905
112461,From Under the Cork Tree,46214
112461,Folie à Deux,579060
112461,"Dance, Dance",99306
112461,"Dance, Dance",136068
112461,From Under the Cork Tree,172183
112461,Infinity on High,1967527
112461,From Under the Cork Tree,93038
112461,From Under the Cork Tree,140487
112461,A Santa Cause: It's a Punk Rock Christmas,173076
112461,From Under the Cork Tree,172184
243617,Snakes on a Plane: The Album,182365
243617,"All My Friends, We’re Glorious: Death of a Bachelor Tour Live",2084834
243617,Walt Disney Pictures Presents: Tim Burton's The Nightmare Before Christmas,1115329
243617,But It's Better If You Do,150117
243617,Snakes on a Plane: The Album,201187
243617,Snakes on a Plane: The Album,302933
21961,Plans,672875
21961,Something About Airplanes,45956
21961,"2002-03-01: Live at the El Rey Theatre, Los Angeles, CA, USA",2165477
21961,Plans,232592
21961,"2008-10-25: Bridge School Benefit, Shoreline Amphitheatre, Mountain View, CA, USA",550487
21961,"2004-11-09: Seattle, WA, USA",928280
21961,Plans,1252132
21961,iTunes Originals,268454
21961,Plans,60386
21961,Ballads for the Lost Romantics,954539
21961,The Forbidden Love EP,27079
21961,Plans,673863
21961,You Can Play These Songs With Chords,44971
21961,Daytrotter Session,386077
21961,"2005-07-30: Street Scene, San Diego, CA, USA",927334
21961,"2004-05-06: Showbox, Seattle, WA, USA",928630
21961,Something About Airplanes,477823
21961,Death Cab for Cutie Perform on MTV.com LIVE,984767
21961,The New Year,458113
21961,"2003-10-16: The Opera House, Toronto, ON, Canada",985104
21961,HMV Playlist SDR37A,128701
21961,"2006-02-04: Kulturbolaget, Malmö, Sweden",1020707
21961,Something About Airplanes,27080
21961,"2003-10-31: Variety Playhouse, Atlanta, GA, USA",935318
21961,Live at the Mount Baker Theatre,1045343
21961,"2004-04-01: Club Laga, Pittsburgh, PA, USA",952069
21961,Plans,54389
21961,Plans,1054645
21961,"2003-11-14: Henry Fonda Theater, Los Angeles, CA, USA",927778
21961,Studio X Sessions EP,75583
21961,Q: Mellow Gold,157690
21961,We Laugh Indoors,100028
21961,"2003-10-23: KCRW Morning Becomes Eclectic, Museum of Television and Radio, New York City, NY, USA",954620
21961,Plans,673864
21961,"1998-07-11: KCMU Live Room, Seattle, WA, USA",91846
21961,"2002-02-24: Viking Union Multipurpose Room, Bellingham, WA, USA",978156
21961,KCLW Radio Sessions,977394
21961,We Have the Facts and We're Voting Yes +5,45958
21961,"2000-04-14: Crocodile Cafe, Seattle, WA, USA (Early Show)",1028544
21961,Good Music for Tsunami Relief,167249
72176,"ONXRT: Live From the Archives, Volume 15",1428152
72176,"2003-05-06: KCRW Studios, Santa Monica, CA, USA",862659
72176,"2003-04-25: Minneapolis, MN, USA",862694
72176,HVY.14.Sumosonic,83103
72176,HVY.22.Sumosonic,83115
303,Ed Sullivan Sep 16 1965,867857
303,The Ed Sullivan Shows,872353
303,1964-65: The Complete Hollywood Bowl Concerts,145451
303,"Golden Best 20, Volume 1",925494
303,Thirty Days: The Ultimate Get Back Sessions Collection,607034
303,"The Recording Sessions, Volume 3",996439
303,Get Back and 22 Other Songs,1309376
303,"UK EP Collection, Volume 2",896647
303,The Acoustic Submarine,940070
303,"Rare Photos & Interview CD, Vol. 1",91485
303,The Get Back Sessions,926040
303,Hey Jude,909790
303,Best Selection 1962-1968 Part 3,919533
303,The Look Behind Collection,991061
303,"Chronology, Volume 1: From Me to You (1962-1963)",863004
303,Abbey Road Companion,995299
303,Road Runner,908260
303,"The Capitol Albums, Volume 1 Sampler",953410
303,"Ultra Rare Trax, Volume 8",101329
303,The Alternate ''Magical Mystery Tour'' Album,935788
303,"Ultra Rare Trax, Volume 2",529599
303,Anthology 2000,893957
303,Christmas Albums 1963-1969,927002
303,"White Album Sessions, Volume 2",941387
303,The Decca Auditions,937457
303,Get Back 2nd Mix,871940
303,I Saw Her Standing There,1291187
303,The Original Decca Tapes & Cavern Club Rehearsals,211276
303,Pawn Shop Hits,992284
303,Anthology 2,299
303,The Peter Sellers Tape,912279
303,More Masters (disc 1),940734
303,The Complete BBC Sessions: Upgraded,872082
303,Live at the BBC,1307492
303,"The ""Let It Be"" Rehearsals, Volume 3: All Things Must Pass, Part 2: Acoustic Set",215201
303,Unplugged,725276
303,Essential White LP Vol. 1,1967033
303,Revolver Mono Matrix 1,215342
303,"Chronology, Volume 3: All My Loving (1963-1964)",881197
303,Essential White LP Vol. 3,1967041
303,Mythology 2 (disc 1),949986
303,Live at the BBC,1175595
303,1964-65: The Complete Hollywood Bowl Concerts,145450
303,Live in Japan 1964,877235
303,Beatlemania,884725
303,Essential White LP Vol. 7,1967037
303,"Hip Hop Mix, Volume 2",876554
303,"John Barrett's Cassette Dubs, Volume 5: ""Odds & Ends""",123236
303,Conquer America,206411
303,Twist and Shout,944660
303,Soul Sessions,996334
303,Artifacts III,559360
303,Anthology 3,1320670
303,Nothing is Real,920440
303,White Sessions,894710
303,The Beatles at the Hollywood Bowl,142888
303,Give Apple a Chance: The Beatles 1971,211456
303,The Complete Decca Audition,1031627
303,Get Back Sessions Anthology,996834
303,Upgraded Collection,922900
303,Essential White LP Vol. 4,1967043
303,The Complete Ed Sullivan Shows,903350
303,Artifacts II,559346
303,It's Not too Bad,356245
303,"The Unreleased Tracks, Volume 2",1293437
303,From Kinfauns to Chaos,211453
303,Hollywood Bowl Complete,875619
303,"Planet DJ, Volume 4",985945
303,Primal Colours,979979
303,The Black Album,861020
303,The Lost Pepperland Reel: And Other Rarities,211461
303,Alternate Masters,932564
303,Essential White LP Vol. 6,1967046
303,Essential White LP Vol. 5,1967044
303,Control Room Monitor Mixes,934813
303,"Documents, Volume 6",937456
303,Revolving,813439
303,The World's Best: A Collection of Beatles Rarities (New Master Edition),904777
303,Hodge-Podge,211460
303,Last Night in Hamburg,506601
303,The Beatles,957930
303,A-B Road 1-23-69,905163
303,The Sweetest Apples,110172
303,Turn Me On Dead Man: The John Barrett Tapes,123553
303,The Early Years,1311014
303,Anthology 4: Advanced Test,983957
303,Anthology 3,303
303,Pepperland,71204
303,The Beatles Featuring Tony Sheridan,482959
303,Let It Be… Naked,309
303,"Rare Photos & Interview CD, Vol. 3",931111
303,"1964-09-03: Indiana State Fair, Indianapolis, IN, USA",978244
303,The Beatles' First,1302490
303,Golden Beatles,881368
303,"Live at the Star Club in Hamburg (December 1962, Germany)",940333
303,New Year's Day,190279
303,Anthology Plus (disc 2),953650
303,"Every Little Thing, Volume 2",1005812
303,Essential White LP Vol. 2,1967040
303,Five Nights in a Judo Arena,943492
303,"16 Superhits, Volume 3",868427
303,Beatles Tapes III: The 1964 World Tour,951026
303,Raw Energy,929016
303,"Unsurpassed Masters, Volume 6 (1962-1969)",91481
303,Unsurpassed Demos,207096
303,Anthology 1,295
303,Rubber Soul,1967106
303,"The Get Back Journals, Volume 3",211323
303,Abbey Road Video Show,211399
303,The Help! Sessions,995927
303,From Yesterday Forever,206542
303,Magical Mystery Tour (Mono and Stereo),953644
303,A Dolls House: 25 More White Album Mixes,995928
303,Beatlemania,893774
303,"The ""Let It Be"" Rehearsals, Volume 5: The Auction Tapes",215206
303,Alternative Revolver,899551
303,"Unsurpassed Masters, Volume 2 (1964-1965)",542075
303,"Ultra Rare Trax, Volume 1",529598
303,101 Love Songs,293732
303,Soundtrack for Revolution,421366
303,"Ultra Rare Trax, Volume 4",529601
303,Savage Young Beatles,909094
303,My Bonnie,1295158
303,Get Back and 22 Other Songs,207043
303,Anthology 2,298
303,Acetates,210521
303,The Alternate Sgt. Pepper's Lonely Hearts Club Band (disc 2: The Making of Sgt. Pepper's),217384
303,"John Barrett's Cassette Dubs, Volume 2: ""Los Paranoias""",119210
303,The Complete BBC Sessions,207968
303,The Silver Beatles,1031653
303,Revolver / Magical Mystery Tour,206955
303,Live in Paris 1965,206551
303,No. 3 Abbey Road NW8,211543
303,English Summer,901602
303,"The ""Let It Be"" Rehearsals, Volume 2: All Things Must Pass",215199
303,Get Back,1064432
303,Anthology 5: Advanced Test,983987
303,Pop Go the Beatles,263367
303,As Nature Intended,582412
303,"Nothing Is Real: The Making of ""Strawberry Fields Forever""",211455
303,Let It Be… Naked,109
303,Artifacts,559334
303,"Chronology, Volume 4: Yesterday (1965-1966)",881037
303,Get Back Project 3 - The Apple Rooftop Concert,913950
303,The Beatles with Tony Sheridan and Guests,1295441
303,Another Sessions... Plus,210545
303,Another Tracks Of: With the Beatles! '63 (disc 1),213817
303,Challenger One...,542445
303,The Alternate Revolver,214821
303,Interviews 1 & 2,976397
303,"Live in Adelaide & Houston, Texas",869213
303,"John Barrett's Cassette Dubs, Volume 4: ""How Do You Do It?""",118383
303,Arrive Without Aging,211449
303,Unplugged,920681
303,The Lost Paris Tapes (Live at the Olympia Theatre January 1964),879323
303,Let It Be… Naked,516754
303,Australia 1964,866688
303,Let It Be Sessions,217393
303,"White Album Sessions, Volume 2",896499
303,Anthology Plus,953609
303,My Bonnie,1294784
303,"White Album Sessions, Volume 1",944349
303,"The ""Let It Be"" Rehearsals, Volume 1: The Complete Rooftop Concert",215198
303,The Beatles Behind Closed Doors: Let It Be Sessions Outtakes,992263
303,The Core of the Apple,887739
303,"Every Little Thing, Volume 3 (disc 1)",1005810
303,'Quote' Unquote: The Sixties Interviews (disc 2),894045
303,Alltime Greatest Hits of the 60's,1372920
303,The Beatles 1967-70,942068
303,Anthology 6: Advanced Test,983955
303,Rockin' at the Star-Club,145293
303,Beatles ’65,1435202
303,Last Licks Live: The Rooftop Concert,193798
303,Revolution,910810
303,Let It Be… Naked,1072943
303,West Coast Invasion,975844
303,25 Hits of the 60's,948642
303,More Sweet Apples: Unpublished Songs and Alternative Versions 1966-69,215684
303,The Beatles' First,1300564
303,"Live in Paris, 1965",931571
303,Mastermix Classic Cuts 11: Mixes & Medleys,950798
303,Yesterday,988178
303,"Ultra Rare Trax, Volume 7",101325
303,The Help! Sessions,953169
303,Down in Havana,214824
303,Last Year,877859
303,Uncut: The Beatles: Press Conferences 1964-1966,59178
303,Free as a Bird,212117
303,Free as a Bird,110
303,All the Songs the Beatles Gave Away 1963-1990,895770
303,Rock and Roll Music,1005809
303,"A-Cam + B-Cam: Stereo at Twickenham, Jan. 3rd, 1969",210478
303,The Complete Rooftop Concert,867542
303,"Unsurpassed Masters, Volume 1 (1962-1963)",257910
303,"The Lost Anthology, Volume 4",940676
303,1962–1966,1322628
303,Swedish Radio Show,1014361
303,Help!,206617
303,Get Back Sessions,217394
303,The Garage Tapes,873136
303,"Men & Horses, Hoops & Garters",988949
303,Roll Over Beethoven,65414
303,1995-04-23: BBC Radio 1 Essential Mix,1430341
303,Classic Rock Hits!,947955
303,"Ultra Rare Trax, Volume 5",529602
303,'69 Rehearsals (disc 2),886382
303,"Interview Picture Disc, Volume 2",938973
303,"Let’s Do The Twist, Hully Gully, Slop, Surf, Locomotion, Monkey",1294431
303,Silver Beatles,1287287
303,Anthology 2,1320667
303,The Alternate Sgt. Pepper's Lonely Hearts Club Band,211447
303,Talk Downunder,875211
303,"Ultra Rare Trax, Volume 5",101320
303,The Golden Beatles,873278
303,Then You Wouldn't Have to Ask Me (disc 2: Electric),951635
303,The Decca Tapes,1031354
11330,Splitting the DNA,539711
11330,In the End: Live & Rare,32979
11330,Breaking the Habit,597822
11330,Breaking the Habit,597821
11330,Breaking the Habit,32967
11330,Redneck Olympics,162174
11330,Minutes to Midnight,1244449
11330,Underground 5.0,90076
11330,Project Revolution: The Remixes,847314
11330,"2002-02-02: Colorado Springs, CO, USA",983284
11330,Greatest Hits,1431569
11330,Las Vegas Theory,888206
11330,Maximum Linkin Park,32988
11330,Meteora,1608672
11330,Underground V2.5: Limited Edition Fan Club CD,33001
11330,"Tropical Vibes, Vol. 1",2165998
11330,The More Greatest Hits,136705
11330,Redneck Olympics,138122
11330,Piano Instrumentals,985489
11330,Minutes to Midnight,1057318
11330,In the End,597513
11330,In the End,597512
11330,In the End,5740
11330,"2001-09-14: BBC's Maida Vale session, London, UK",136532
11330,Festival,160286
11330,Burning in the Skies,1057355
11330,Minutes to Midnight,1205756
825,Electric Motherfuckers,984132
825,Back in the U.S.A.,984136
825,Mixed Pickles,984148
825,Out of Our Heads,561653
825,Atlantic City '89,994357
825,"2002-08-16: Rock the Palais: Toronto, ON, Canada",982941
825,Out of Our Heads,1076553
825,Singles 1965–1967,514124
825,As Tears Go By / Gotta Get Away,655798
825,Robert Altman's: Pret-A-Porter,2172037
825,Hillside Blues (disc 1),484085
825,"1973-02-26: Rock 'n Roll Stew: Sydney, Australia",971130
825,"Stereo Rarities, Volume 3: Stereo Mixes and Alternate Versions 1962–1971",812322
825,It’s Only Rock ’n Roll,2172354
825,Hampton Coliseum (Live 1981),1178556
825,Get Yer Ya-Ya’s Out! The Rolling Stones in Concert,1618695
825,Unreleased Decca Live Album 1972,866334
825,Black Box,976012
825,1972 Tour Rehearsals,971109
825,"1981-11-05: Jersey Devil: East Rutherford, NJ, USA",971188
825,It's Only Rock ’n Roll,628061
825,It’s Only Rock ’n Roll,626907
825,"1982-07-17: Shattered in Europe: Naples, Italy",971190
825,Made in the Shade,129442
825,"Bright Lights, Big City (disc 1)",952321
825,Black and Blue,1180215
825,Rolling Stones,942056
825,You Got Me Rocking,915016
825,Get Yer Ya-Ya's Out! The Rolling Stones in Concert,574942
825,Timeless: Europe '73,952355
825,"1994-10-31: Voodoo at Halloween: Oakland, CA, USA",971165
825,Out of Our Heads,555605
825,Out of Tears,492984
825,Out of Tears,585143
825,Singles Collection: The London Years,1244258
825,Get a Line on You,974625
825,The Best of the Rolling Stones (1962-1965),878006
825,Wembley ’90,1608719
825,12 × 5,739538
825,Stripped,1241513
825,Out of Our Heads,1092186
825,No Security,129472
825,"1973-02-24: Happy Birthday Nicky: Perth, Australia",901103
825,Flowers,1296591
825,Between the Buttons,1072850
825,Voodoo Lounge,599231
825,Voodoo Lounge,629963
825,No Stone Unturned,959458
825,Voodoo Lounge,4197
825,Forty Licks,4172
825,Some Girls,698051
825,Made in the Shade,129441
825,Black and Blue,539617
825,Emotional Rescue,1310404
825,Super Selection,952386
825,Black and Blue,371768
825,Flowers,1092204
825,Singles Collection: The London Years,421250
825,"2003-07-22: At the Cirkus: Stockholm, Sweden",971145
825,Goats Head Soup,1257344
825,Handsome Girls,484068
825,"1998-07-25: Stade de France, Saint-Denis, France",971134
825,Forty Licks,197256
825,Voodoo Lounge,1539911
825,Got Live If You Want It!,129362
825,Flowers,349674
825,Some Girls,606948
825,Live in Toronto,811663
825,"1995-05-27: Paradiso, Amsterdam, Netherlands",811656
825,Let It Bleed,712177
825,"The Early Years, Volume 1",983962
825,Ultimate Ballads,952420
825,"Stereo Rarities, Volume 1: Early Outtakes & Demos 1963–1967",812328
825,Out of Our Heads,712105
825,"Collection, Volume 1",952372
825,Unplugged,909868
825,Bridges to Babylon,599232
825,Flowers,698838
825,Mickboy Remasters: Dancing So Free (Goats Head Soup Album),986771
825,Dirty Work,4195
825,Hurricane,129476
825,Singles Collection: The London Years,712183
825,I Just Wanna Make Love to You,952358
825,Get Satisfaction … If You Want! (The Best of BBC Radio Recordings 1963–1965),109651
825,Get Your Leeds Lungs Out!,930998
825,On Air,2075991
825,1972 Dallas Rehearsals,952322
825,It's Only Rock ’n Roll,129440
825,Main Street Revisited,971064
825,Some Girls,1200847
825,Let It Bleed,395802
825,The Very Best of the Rolling Stones 1962-1975,952419
825,Out of Our Heads,1165784
825,"2002-10-03: Budokan, Tokyo, Japan (disc 2)",952338
825,Love Is Strong,984156
825,Emotional Rescue,1212628
825,Prêt-à-Porter,84064
825,Tricky Fingers & Slicky Ringers,939909
825,More,81367
825,"1972-06-24/25: Texas, USA",982616
825,Bridges to Babylon,1539912
825,"2003-07-07: Bercy, Paris, France",895087
825,Get Yer Ya-Ya’s Out! The Rolling Stones in Concert,1113222
825,Pearls at Swine: 1978 Woodstock Rehearsals,971086
825,Stripped Companion,484094
825,"Limited Edition, Volume 2",896216
825,It’s Only Rock ’n Roll,539612
825,Black and Blue,628054
825,Steel Wheels,1239432
825,Let It Bleed,1095396
825,Flowers,4199
825,Emotional Rescue,129451
825,R.S.V.P.,971059
825,More Hot Rocks (Big Hits & Fazed Cookies),129433
825,Dirty Work,1131759
825,"1978-02-28: Some Girls Are Bigger Than Others: Memphis, TN, USA",971186
825,More Hot Rocks (Big Hits & Fazed Cookies),1608663
825,The Rolling Stones: Original Master Recordings,1200833
825,Bridges to Babylon,972358
825,Sympathy for the Devil: Beggars Banquet Outtakes,952366
825,Live in 1989 Steel Wheels U.S. Tour,862993
825,"1995-02-16: Sympathy for the Voodoo Cult: River Plate Stadium, Buenos Aires, Argentina",983863
825,Some Trax I: Some Girls Studio Sessions & Outtakes,971078
825,More Hot Rocks (Big Hits & Fazed Cookies),465747
825,Beat Beat Beat,933260
825,Out of Tears,129470
825,Live in London,952360
825,Out of Our Heads,1257269
825,Get Off of My Cloud,940308
825,"2006-02-18: Copacabana Beach, Rio de Janeiro, Brazil",980703
825,"As Heard on Radio Soulwax, Part 9",337842
825,Emotional Rescue,1257242
825,Live USA,868899
825,"1976-05-22: Order in the Court: London, UK",971185
825,"Stereo Rarities, Volume 2: Outtakes & Demos 1967–1970",812335
825,It’s Only Rock ’n Roll,1224764
825,12 × 5,1194044
825,Singles Collection: The London Years,41407
825,Singles Collection: The London Years,1213348
825,Basel '90,984163
825,"1999-04-03: Just a Schot Away: Columbus, OH, USA",982615
825,Goats Head Soup,1539594
825,Let It Bleed,1054293
825,There’s No Angel Born in Hell,984135
825,Place Pigalle,841070
825,Black and Blue,606358
825,Some Girls,1067705
825,Shine a Light,1060492
825,As Tears Go By,984138
825,Paint It Black,952406
825,Goats Head Soup,1310411
825,"1976-06-06: Paris aux Printemps: Paris, France",971314
825,Some Girls,1223415
825,Forty Licks,1235886
825,Flowers,712130
825,"Limited Edition, Volume 1",952357
825,Voodoo Lounge,1310476
825,Live Licks,712766
825,Emotional Rescue,1241496
825,"1981-11-12: Madison Square Garden, New York, NY, USA",983272
825,We Love You / Dandelion,129409
825,Dirty Work,1310401
825,Miss You,129446
825,Live at the Double Door,910491
825,Emotional Rescue,1092405
825,"1981-12-14: Kansas City, KS, USA",971189
825,Some Girls,4191
825,Let It Bleed,1092212
825,Black and Blue,606944
825,Out of Our Heads,1608639
825,Undercover of the Night / All the Way Down,129457
825,"Limited Edition, Volume 4",938881
825,Don't Stop,341164
825,Rain Fall Down,984160
825,Aftermath,982106
825,Got Live If You Want It!,712120
825,Singles 1963–1965,651629
825,Singles 1963-1965,514144
825,2003-07-01: Fifteen Kicks (A Secret Club Gig),942772
825,Hell's Stones,911940
825,Some Girls,1257515
825,Some Girls,1248093
825,Goats Head Soup,606942
825,"The Compass Point Works, Part 1",971077
825,"The Compass Point Works, Part 2",971075
825,Steel Wheels,598931
825,Terrifying,903453
825,Forty Licks,1294389
825,Get Yer Ya-Ya's Out! The Rolling Stones in Concert,5898
825,Itchy Fingers,949427
825,Dirty Work,1158394
825,Dirty Work,1222248
825,Drive Carefully (disc 1),931632
825,"Live in Honolulu, Hawaii",952378
825,The Hit Collection,984146
825,"As Heard on Radio Soulwax, Part 9",629333
825,No Security,129471
825,Singles Collection: The London Years,647952
825,Singles Collection: The London Years,1128252
825,Bridges to Babylon,1310399
825,The Rolling Stones,952323
825,Some Girls,1268729
825,"Ultra Rare Trax, Volume 2",917175
825,Get Yer Ya-Ya's Out! The Rolling Stones in Concert,723356
825,20 Golden Hits,952356
825,"Limited Edition, Volume 3",943201
825,12 × 5,1092182
825,Brussels Affair Definitive Edition,971104
825,Dirty Work,598927
825,"2003-07-30: Toronto, ON, Canada (disc 1)",869748
825,“Still Life” (American Concert 1981),603033
825,12 × 5,1305349
825,Rain Falls Down,895978
825,Let It Bleed,4185
825,"1989-08-28: Steel Wheels Tour Rehearsal: Philadelphia, PA, USA",971148
825,Got Live If You Want It!,2083997
825,Exile Outtakes,872838
825,Get Yer Ya‐Ya’s Out! The Rolling Stones in Concert,811203
825,Ft. Worth Express,984429
825,"1997-09-15: Closer Than Close: Toronto, ON, Canada",971137
825,We Love You / Dandelion,129408
825,Rough Stuff,984151
825,Cops and Robbers,942667
825,More Hot Rocks (Big Hits & Fazed Cookies),605269
825,Du fond du cœur: Live 1965-1967,1017520
825,Thee Satanic Sessions: Olympic Years 1967-70,952351
825,Let It Bleed,492802
825,Out of Our Heads,4178
825,Live in America,898445
825,Stripped,712742
825,Nasty Music: Europe 1973 (disc 1),971191
825,Beggar's Breakfast,890988
825,"Greatest Hits, Part 2",667667
825,Get Yer Ya-Ya's Out! The Rolling Stones in Concert,1092214
825,Goats Head Soup,1281274
825,Saint of Me,886019
825,Out of Our Heads,698037
825,Emotional Rescue,606951
825,Got Live If You Want It!,1092201
825,Miss You,129445
825,Goats Head Soup,1067816
825,Bisous Bisous,244057
825,19th Nervous Breakdown / Sad Day,129397
825,Like a Rolling Stone,97064
825,Like a Rolling Stone,583314
825,Some Girls,1092403
825,Goats Head Soup,4188
825,Some Girls,722782
825,Let It Bleed,129423
825,Saint of Me,889222
825,Saint of Me,140084
825,Flowers,1608668
825,Lonely at the Top,984137
825,Singles Collection: The London Years,1092217
825,Let It Bleed,1341114
825,It’s Only Rock ’n Roll,550127
825,Singles Collection: The London Years,271134
825,Goats Head Soup,1092402
825,Goats Head Soup,539604
825,Dirty Work,821291
825,Let It Bleed,1182047
825,Foottappers & Wheel Shunters Club Gig (disc 1),955798
825,James Hyman's Summer CD,186067
825,Out of Control,984164
825,BBC2 Presents KBFH San Diego 1981,931886
825,Steel Wheels,1176472
825,"1997-12-12: Take Me Up: St. Louis, MO, USA",934914
825,Out of Our Heads,138142
825,Dirty Work,1055762
825,Time Is on My Side / Congratulations,129353
825,Heart of Stone / What a Shame,129355
825,Metamorphosis,838474
825,Emotional Rescue,1067709
825,"2005-10-06: Scott Stadium, Charlottesville, VA, USA",176649
825,"Greatest Hits, Part 1",713879
825,“Still Life” (American Concert 1981),712747
825,It’s Only Rock ’n Roll,606943
825,Goats Head Soup,129437
825,Some Girls,542220
2122,"Wild Life, Venus and Mars",1038723
2122,Ram,1160302
2122,100 Hits She's a Lady,1917419
2122,Paul McCartney Rocks,1038716
2122,Paul Is Live,91164
2122,Tripping the Live Fantastic,94355
2122,Back in the U.S. Live 2002 (disc 1),486151
2122,"2005-09-22: Wachovia Center, Philadelphia, PA, USA",877872
2122,Снова в СССР,135379
2122,Another Day / Oh Woman Oh Why,378731
2122,Unplugged (The Official Bootleg),43463
2122,Give My Regards to Broad Street,913506
2122,"2003-06-01: Back Home Liverpool: King's Dock, Liverpool, UK",981484
2122,Q: Sweet Sixteen,909170
2122,Tripping the Live Fantastic - Highlights!,806518
2122,All the Rest,1038714
2122,Acoustic Songbook,104804
2122,Ram,161995
2122,Wings Greatest,2147469
2122,Oobu Joobu: Part 9,1038722
2122,Back in the USSR,949010
2122,Driving Rain,94349
2122,It's All Kicking Off,993981
2122,Greatest Hits Vol. 1,1407836
2122,Снова в СССР,1303256
2122,Press to Play,94342
2122,Hey Tokyo!,130404
2122,Back in the World,1324037
2122,Flowers in the Dirt,45174
2122,Hope of Deliverance,94350
2122,Press to Play,1272042
2122,Run Devil Run,94348
2122,Hope of Deliverance,94351
2122,Liverpool Oratorio,581064
2122,Gold Ballads,1038713
2122,Wings Greatest,2147464
2122,Wings Greatest,466743
2122,Absolute Christmas 2,178603
2122,Tripping the Live Fantastic,43464
2122,Run Devil Run,43461
2122,Tripping the Live Fantastic,1144975
2122,Tripping the Live Fantastic: Highlights!,94353
2122,All the Best!,1253808
2122,Wingspan: Hits and History,1043456
2122,Wings Greatest,1391630
2122,Now That′s What I Call Music II,567777
2122,The Love Album 2003,939987
2122,Singers and Songwriters: 1972-1973,220542
2122,Best 16,1008285
2122,All the Best!,387842
2122,Wings Greatest,93018
2122,Wingspan: Hits and History,122590
2122,Wings Greatest,1319198
2122,Ecce Cor Meum,199364
2122,Wingspan: Hits and History (Special Advance Sampler),801459
2122,The Bridge School Concerts: 25th Anniversary Edition,1089236
2122,Ram,1190464
2122,Looking for Changes,50179
2122,All the Best!,77729
2122,Ocean’s Kingdom,1080710
2122,James Bond Themes,909847
2122,Back in the World,1375324
2122,Now That’s What I Call Music II,198005
2122,Wings Greatest,1632057
2122,Back in the U.S. Live 2002,94358
2122,Anthology,1038717
2122,Imagine Clouds Dripping,1720556
2122,Cold Cuts,1038721
2122,All My Trials,929481
2122,Paul Is Live,91165
2122,Back in the World,557655
2122,Ram,1240039
2122,Press to Play,94341
2122,Wings Greatest,1375293
2122,All Time Greatest Movie Songs 2001,188742
2122,Ram,2084626
2122,Mixed Emotions,907377
2122,7,986238
2122,Standing Stone,862525
2122,Unplugged (The Official Bootleg),1303249
2122,Wings Greatest,93019
2122,Best Selection,1142754
2122,Off the Ground,94352
2122,Ecce Cor Meum,222484
2122,Flowers in the Dirt,45173
2122,Red Rose Speedway / McCartney II,1038718
2122,"That Loving Feeling, Volume VII",1141281
528,Hits Post Modern Syndrome With Space Ghost Coast to Coast,130335
528,Cheer Up!,1146825
528,Our Live Album Is Better Than Your Live Album,190104
528,Everything Sucks,2082842
528,Greatest Hit... and More,216662
528,The Show Must Go Off,121058
528,Why Do They Rock So Hard?,498816
528,We're Not Happy 'til You're Not Happy,1044021
528,Cheer Up!,20104
528,Sell Out,979358
528,Cheer Up!,20107
528,Ska Trax: The New Generation,901748
528,Why Do They Rock So Hard?,20109
528,Turn the Radio Off,32610
528,Why Do They Rock So Hard?,494896
528,Viva La Internet,1022420
528,Mefiswap Session 01 Year 2004 - Signal,968450
528,Disney's Extreme Skate Adventure,1608003
528,Unstoppable 90's: Alternative,641554
528,Busted! A Summer Driving Album,46789
528,We're Not Happy 'til You're Not Happy,43654
528,Cheer Up!,20106
528,Rare Delights,979352
528,Generic Skaca,125016
528,A Best of Us... For the Rest of Us (Bigger Better Bonus Deluxe Version),1061739
528,Everything Sucks,817004
528,Why Do They Rock So Hard?,1181064
528,Everything Sucks,153626
528,Cheer Up!,1069738
528,Everything Sucks EP,869405
528,Turn the Radio Off,178974
528,Why Do They Rock So Hard?,286604
528,Why Do They Rock So Hard?,1315646
528,Why Do They Rock So Hard?,20110
528,And Others,979357
528,Teenage Dirtbags,1327934
528,Favorite Noise,76952
528,Where Is My Mind? A Tribute to the Pixies,23338
815,Walls and Bridges,5724
815,"The Complete Lost Lennon Tapes, Volume 1",308119
815,"The Complete Lost Lennon Tapes, Volume 2",308120
815,Imagine: All the Outtakes,88956
815,"Peace, Love & Truth",962764
815,"The Lost Lennon Tapes, Volume 2",34622
815,"The Complete Lost Lennon Tapes, Volume 12",308131
815,"The Complete Lost Lennon Tapes, Volume 16",308135
815,"The Complete Lost Lennon Tapes, Volume 3",308121
815,Walls and Bridges,560750
815,"The Complete Lost Lennon Tapes, Volume 4",308122
815,"The Complete Lost Lennon Tapes, Volume 18",308137
815,Walls and Bridges,77950
815,"The Complete Lost Lennon Tapes, Volume 7",308125
815,"The Complete Lost Lennon Tapes, Volume 17",308136
815,Give Peace a Chance,88984
815,"The Complete Lost Lennon Tapes, Volume 5",308123
815,Music of the Millennium III,187748
815,Anthology,88963
815,Absolute Elsewhere: The Ultimate Mind Games Anthology,78204
815,"The Complete Lost Lennon Tapes, Volume 22",308141
815,The Dream Is Over,969338
815,"The Lost Lennon Tapes, Volume 4",93465
815,"The Complete Lost Lennon Tapes, Volume 13",308132
815,"The Complete Lost Lennon Tapes, Volume 19",308138
815,Live in New York City,1252180
815,Working Class Hero: The Definitive Lennon,71540
815,Christmas GoldDisc AX1,974987
815,"The Lost Lennon Tapes, Volume 1",93466
815,The Lost Sleepy Blind Lemon Lennon Album,60028
815,Something I Need,1539561
815,Wonsaponatime,88960
815,"Studio Tracks, Volume 4",950249
815,"The Complete Lost Lennon Tapes, Volume 8",308126
815,The Bands,1081264
815,"The Complete Lost Lennon Tapes, Volume 6",308124
815,Greatest Hits,949890
815,"The Complete Lost Lennon Tapes, Volume 10",308129
815,"The Complete Lost Lennon Tapes, Volume 11",308130
815,"The Lost Lennon Tapes, Volume 2",93468
815,Free as a Bird: The Dakota Beatle Demos,34871
815,"The Complete Lost Lennon Tapes, Volume 9",308128
815,The U.S. vs. John Lennon: Music From the Motion Picture,202684
815,John Lennon,491170
815,John Lennon,2096266
815,"The Complete Lost Lennon Tapes, Volume 14",308133
815,"The Lost Lennon Tapes, Volume 3",34620
815,"The Complete Lost Lennon Tapes, Volume 15",308134
815,Best,947464
815,Unplugged,886311
815,"The Lost Lennon Tapes, Volume 3",93464
815,"The Complete Lost Lennon Tapes, Volume 21",308140
501,Revolution 909,147300
501,James Hyman's Summer CD,186067
501,Discovery,278465
501,Discovery,1098905
501,The Best Club Anthems 05,402959
501,Daft Club,667509
501,Dancemania 21,157457
501,Something About Us: Love Theme From Interstella 5555,16129
501,Daft Club,442048
501,Discovery,18206
501,Discovery,1321430
501,Something About Us: Love Theme From Interstella 5555,31930
501,Human After All,31538
501,Discovery,1278421
501,"Cosmic Energy, Volume 1",176766
501,Daft Club,302850
501,Discovery: Bonus Tracks From daftclub.com,438761
501,Homework,1082764
501,"Soma Quality Recordings, Volume 3",87663
501,Digital Love,147290
501,Aerodynamic,801181
501,Is' noch Brot da 2,903710
501,Technologic,278329
501,"Wild, Volume 15",367960
501,Queer as Folk: The Second Season,73675
501,Technologic,187188
501,Da Funk,18208
501,Da Funk,16808
501,Technologic,746055
501,Human After All,525779
501,Around the World,304689
501,Soma Quality Recordings,87656
501,Human After All,29558
501,Daft Club,1043147
501,Da Funk,187182
501,Digital Love,38714
501,Digital Love,39096
501,"As Heard on Radio Soulwax, Part 3",209927
501,Placement,2083302
501,Human After All,31537
501,Daft Club,18205
501,2006-04-29: Coachella Valley Music Festival,991534
501,ThriveMix01,478017
501,Human After All,745958
501,Human After All,525777
501,Discovery,158370
501,Les Inrockuptibles présentent : 20 ans ~ 100 chansons : 1986-2006,131374
501,Technologic,44692
501,Around the World,201036
501,Something About Us: Love Theme From Interstella 5555,31931
501,Human After All,24852
501,Discovery,294692
501,Magu (Patio Music Sampler),81015
501,Around the World,187196
501,Human After All,525778
502,"2002-04-21: Molson Centre, Montréal, QC, Canada",869491
502,"2003-07-12: Verizon Wireless Amphitheater, Bonner Springs, Kansas City, MO, USA",946457
502,Rutabaga Studio Demos,1006855
502,The Complete Weekend on the Rocks,128239
502,Unplugged + More,136823
502,"2004-09-12: DMB Live Trax, Volume 2: Golden Gate Park, San Francisco, CA, USA",136803
502,"2005-06-19: Meadows Music Center, Hartford, CT, USA",951062
502,"2004-08-07: Alpine Valley Music Theatre, East Troy, WI, USA (disc 1)",911989
502,Crash,1396251
502,"Eat, Drink & Be Merry",905834
502,"1998-12-19: Chicago, IL, USA",44263
502,Crash Into Me,202628
502,The Central Park Concert,41925
502,Crashing the Quarter,891231
502,"ONXRT: Live From the Archives, Volume 15",1428152
502,"2010-11-20: Encore Trax, JPJ Extended: John Paul Jones Arena, Charlottesville, VA, USA",1372868
502,"2004-08-08: Alpine Valley Music Theatre, East Troy, WI, USA (disc 2)",1013643
502,"2002-07-16: Tweeter Center, Camden, NJ, USA",983486
502,Live At...: A Limited Edition Companion to the Central Park Concert,41922
502,Listener Supported,1164898
502,"2003-08-08: The Gorge Amphitheatre, George, WA, USA",912883
502,Before These Crowded Streets,1315217
502,Recently,210287
502,"Warehouse 8, Volume 2",167111
502,"1996-04-30: DMB Live Trax, Volume 4: Classic Amphitheatre, Richmond, VA, USA",347889
502,Riding the Rhythm (disc 1),885922
502,Recently,210284
502,Mercy,1180252
502,"2004-09-05: The Gorge, George, WA, USA (disc 1)",920041
502,"2004-07-13: Darien Lake Performing Arts Center, Darien, NY, USA",183187
502,Recently,1043747
502,Before These Crowded Streets,275836
502,"1992-12-31: Omni Richmond Hotel, Richmond, VA, USA (disc 3)",912100
502,"Warehouse 8, Volume 1",136825
502,"1999-07-24: Woodstock '99, Rome, NY, USA",995229
502,Satellite of Love,905957
502,Remember Two Things,14696
502,"2004-09-03: The Gorge, George, WA, USA",922960
502,"2006-07-07: DMB Live Trax, Volume 6: Fenway Park, Boston, MA, USA",202156
502,The Gorge,143030
502,Everyday,1649
502,"2005-05-09: Roseland Ballroom, New York, NY, USA",838203
502,The Warehouse 5,136141
502,Crash,7517
502,Hometown,957981
502,Nokia 5510: Looks Weird. Sounds Great.,675573
502,Two Step,860754
502,Remember Two Things,306457
502,"1992-12-09: The Flood Zone, Richmond, VA, USA (disc 1)",983481
502,The Gorge,136752
502,Under the Table and Dreaming,461056
502,"2006-07-04: Virginia Beach Amphitheater, Virginia Beach, VA, USA (disc 3)",838202
502,Live at the 10 Spot,905697
502,Modern Rock: June 2002,943297
502,Everyday (bonus disc: Taken From Dave Matthews Band Labor Day Broadcast),984884
502,"2004-09-04: The Gorge, George, WA, USA (disc 3)",920751
502,"2004-09-04: The Gorge, George, WA, USA (disc 2)",921386
502,"Live at the World Café, Volume 2",18566
502,"2004-06-17: UMB Bank Pavilion, Maryland Heights, MO, USA",923373
502,Under the Table and Dreaming,44954
502,"Live at Folsom Field: Boulder, Colorado",44265
502,"2004-09-05: The Gorge, George, WA, USA (disc 2)",838200
502,"2004-09-05: The Gorge, George, WA, USA (disc 3)",918635
502,DJ Tiësto: Remixes 1,212178
502,Best of What's Around,862080
502,Crash,368510
502,Swept Away,136129
502,The Daily Telegraph,982123
502,"1995-05-10: Yoshi's, Oakland, CA, USA",895212
502,Listener Supported,44260
502,The Lillywhite Sessions,42013
502,"1996-10-16: Rochester Community War Memorial, Rochester, NY, USA",948887
502,"1997-06-19: Lakewood Amphitheatre, Atlanta, GA, USA",1021965
502,"1998-12-08: DMB Live Trax, Volume 1: Worcester Centrum Centre, Worcester, MA, USA",1321141
502,"1993-03-16: Trax, Charlottesville, VA, USA (disc 2)",968371
502,"2000-08-27: DMB Live Trax, Volume 3: Meadows Music Theatre, Hartford, CT, USA",141906
502,Stand Up,280613
502,"Y-100: Sonic Sessions, Volume 5",45067
502,Before These Crowded Streets,279522
502,"2001-07-27: Verizon Wireless Virginia Beach Amphitheater, Virginia Beach, VA, USA (disc 1)",983277
502,Live at the World Cafe: 25th Anniversary Edition,2096163
502,"2001-07-07: Soldier Field, Chicago, IL, USA (disc 2)",887280
502,"2002-05-19: Shoreline Amphitheatre, Mountain View, CA, USA (disc 2)",890777
502,Live at Red Rocks 8.15.95,34137
502,"1998-12-05: Pepsi Arena, Albany, NY, USA",903652
502,Weekend on the Rocks,81801
502,Live From the 10 Spot,946604
502,"2006-07-04: Virginia Beach Amphitheater, Virginia Beach, VA, USA (disc 2)",838201
502,"1998-12-08: DMB Live Trax, Volume 1: Worcester Centrum Centre, Worcester, MA, USA",136788
502,A Limited Edition Companion to Stand Up,136145
502,"2004-08-28: Home Depot Center, Carson, CA, USA (disc 1)",911366
502,A Limited Edition Companion to Stand Up (Warehouse Edition),136135
502,Under the Table and Dreaming,252295
502,"2006-07-04: Virginia Beach Amphitheater, Virginia Beach, VA, USA (disc 1)",990252
502,Live And Dreaming,908454
502,"2004-08-28: Home Depot Center, Los Angeles, CA, USA (disc 2)",911079
502,Live at the World Cafe: 25th Anniversary Edition,2096161
502,Jimi Thing (disc 1),905229
502,"1994-04-06: Georgia Theatre, Athens, GA, USA",905974
502,KFOG: Live From The Archives 2,1021411
504,"The Singles Collection, Volume 1: 1996-1997",44995
504,Do or Die,581551
504,Stand and Deliver,869324
504,"Sing Loud, Sing Proud!",269944
504,Tessie,160653
504,The Gang’s All Here,85046
504,Metal Hammer #141: Razor: Music From the Cutting Edge,495284
504,Live on St. Patrick’s Day,44994
504,"Sing Loud, Sing Proud!",31779
504,"The Singles Collection, Volume 2: 1998-2004",160559
504,Fields of Athenry,64024
504,Going Out in Style: Fenway Park Bonus Edition,1144136
504,Dropkick Murphys / The Bruisers,871524
504,Blackout,16957
504,The Gang’s All Here,253371
504,Do or Die,260438
504,The Gang’s All Here,44993
504,Fever Pitch,443074
504,Nautical Nonsense,892479
504,Mob Mentality,157010
504,"Sing Loud, Sing Proud!",157003
504,"Punk Rock Jukebox, Volume II",124072
504,Blackout,581553
504,Live on St. Patrick’s Day,928694
504,Metal Hammer New Year New Bands (Issue 83),873980
504,Punch Drunk II,906307
504,Blackout,44992
504,Skankin' Up Xmas,967310
504,Walk Away,599126
504,Mob Mentality,157825
504,"Live at the Point: 1999-03-24, Atlanta, GA, USA",349526
504,Old Skars and Upstarts,372289
504,The Early Years,158371
504,Southie,977837
504,"Punk-O-Rama, Volume 7",47182
504,Walk Away,160658
506,Eve 6 / Horoscope,880540
506,Horrorscope,580843
506,Horrorscope,7957
506,It’s All in Your Head,7997
506,It's All in Your Head,611411
506,Buzz Ballads,112459
506,Here's to the Night,93995
506,"KISA, Volume 8: Fresh Music",924570
506,Depressing Music to Kill Yourself To,903355
506,On the Roof Again,916566
506,Crossing All Over! Volume 13,47091
506,"A Wicked Good Sampler, Volume 3",867187
507,World of Noise,30596
507,Launch No. 17,49238
507,Acoustic Live,23086
507,White Trash Hell,23081
507,White Trash Hell,23099
507,In-Store Play Sampler,979251
507,Heartspark Dollarsign,2437
507,Nervous & Weird,30763
507,Sparkle and Fade,490901
507,"1999-07-24: Woodstock '99, Rome, NY, USA",995227
507,For College Radio Only,23082
507,World of Noise,650351
507,Heartspark Dollarsign,180899
507,Ten Years Gone: The Best of Everclear 1994–2004,23084
507,Sparkle and Fade,455112
507,"Songs From an American Movie, Vol. Two: Good Time for a Bad Attitude",23077
507,The Best of Everclear,250675
507,Live Electric,33885
507,Live From Toronto,23083
507,Welcome to the Drama Club,172966
507,So Much for the Afterglow,11579
507,White Trash Hell,23100
507,So Much for the Afterglow,8259
507,A Smile Makes a Lousy Umbrella,68270
507,So Much for the Afterglow,30598
507,Fire Maple Song,30766
507,"I-5 Killers, Volume 3",33065
507,So Much for the Afterglow,30580
507,"Best Buy Presents: Guitars, Guitars, Guitars - 1998",969452
507,Wonderful,30589
507,Wonderful,30590
507,Highly Abrasive,971800
507,Welcome to the Drama Club,213111
507,Closure,878239
507,Fire Maple Song,30767
507,Sparkle and Fade,8279
507,Sparkle and Fade (bonus disc: Summerland Tour Pack),23101
507,World of Noise,418538
507,Sparkle and Fade,30594
507,Fight for Your Rights: Take a Stand Against Violence,28538
507,Ten Years Gone: The Best of Everclear,1109161
507,The Boardercross Sound,158599
507,World of Noise,30597
507,Inhaled,1372948
507,Action Figures Sold Separately,1028047
507,"Jabberjaw, Volume 2: Pure Sweet Hell",166127
507,Acoustic Album,963389
507,Volvo Driving Soccer Mom,656629
507,Slow Motion Daydream,23079
946,Conscience,1022677
946,Da King of Da Rap Game?? (Mixed by DJ Jay Faire),985402
946,"Diss Me, Diss You",408001
946,More Maximum Eminem (The Unauthorised Biography of Eminem),461691
946,The Angry Blonde,912681
946,Maximum Pressure,890246
946,White America,968967
946,Encore,1256737
946,Encore,660694
946,R.I.P. Kim,1022673
946,Wax Assassin,243537
946,Fucking Crazy,985406
946,The Freestyle Show,1022666
946,"Hits & Unreleased, Volume 1",408008
946,Funkymix 68,920712
946,"The Streetsweeper, Volume 1",73991
946,Encore,667284
946,Kiss Presents: Hot Joints,1004349
946,Shade 45: Sirius Bizness,417532
946,Straight From the Lab,985405
946,"Invasion, Part 2: Conspiracy Theory",566139
946,Losing It,878304
946,Best of Slim Shady,985421
946,The Underground EP,344924
946,Greatest Hits (Chopped & Screwed),885697
946,Maximum Eminem (The Unauthorised Biography of Eminem),985425
946,So Fresh: The Hits of Autumn 2003,808633
946,"How to Be an MC, Volume 13 (Eminem Instrumentals)",960293
946,Revival,2086074
946,Cheers,38877
946,Ready 4 War: Tha Best of Eminem,408021
946,The Return of Slim Shady,20884
946,Big Mike Retires (Mixed by DJ Big Mike),985428
946,The Story of Marshall Mathers,1159851
946,Up in Smoke Tour,1194764
946,Welcome to Aftermath: The Shady/Aftermath Mixtape,1008388
946,Forgot About Dre,528001
946,Funkymix 62,920744
946,Rap Attack,1038520
946,Don't Call Me Marshall,15215
946,"The Hits & Unreleased, Volume 2",70310
946,Like Toy Soldiers,930877
946,Dirty World,105894
946,Just Don't Give a Fuck,971792
946,Like Toy Soldiers,24678
946,Revival,2092531
946,Revival,2092523
946,Most Wanted Hits 4,930837
946,Revival,2085772
946,Platinum Collection 2001,408027
946,Psycho,366827
946,Fucking Crazy,985407
946,McMusic 18,985423
946,Straight From the Lab EP,985410
946,Platinum Edition: The Greatest Hip Hop of 2003,688
946,Piece of Mind,656551
946,Eminem presented by DJ R Dub L,15218
946,Revival,2085033
946,Who’s the Hottest,985422
946,Remix Album,1022683
946,Encore,17621
946,"Invasion, Part 3: Countdown to Armageddon",1008385
946,"Hot 97: 2000 Hip-Hop and R&B Flava, Volume 9 (disc 1)",985420
946,Unrelease V,408024
946,Yorin Hitzone 22,119395
946,The Team,1015769
946,The Anger Management Tour Live,1007728
946,Ass Like That,777466
946,Ass Like That,366833
946,Marshall Bruce Mathers III,1022663
946,The Return of Evil Minky,888889
946,Cheers,173692
946,Freestyles 2,295115
946,Live and Fucked Up,897272
956,The Buddha of Suburbia,4974
956,Ziggy Stardust and The Spiders From Mars: The Motion Picture Soundtrack,1154769
956,The Buddha of Suburbia,4975
956,Reality,1283025
956,Sound + Vision,337735
956,Changesbowie,789916
956,Heathen,1283028
956,Reality,543416
956,Low,658406
956,Heathen,5001
956,Heathen,4981
956,1985-07-13: Live Aid: The Global Jukebox: [various locations],1105597
956,Memento: Music for and Inspired by the Film,18150
956,“Heroes”,358283
956,Stage,5003
956,Live USA,673319
956,Heathen,1101093
956,The Hearts Filthy Lesson,51073
956,Fame and Fashion (David Bowie’s All Time Greatest Hits),55469
956,‘hours…’,9836
956,Real Cool World,1106615
956,The Rise and Fall of Ziggy Stardust and the Spiders From Mars,1004978
956,‘hours…’,4980
956,"Rockbox, Volume 1",989129
956,All Saints (Collected Instrumentals 1977–1999),7225
956,Reality,353303
956,Stage,1290127
956,Let’s Dance,309697
956,The Outside Tour ’95: Super Creeps,991619
956,Changesbowie,1116707
956,‘hours…’,771539
956,Last Beat,672257
956,‘hours…’,12542
956,Strange Fascination,951210
956,Ziggy Stardust and The Spiders From Mars: The Motion Picture Soundtrack,1227962
956,‘hours…’,12540
956,Reality,812155
956,Best of Bowie,660
956,Fame and Fashion (David Bowie’s All Time Greatest Hits),386212
956,RarestOneBowie,7223
956,Earthling,1167146
956,Golden Years,137280
956,ロウ,1160955
956,Heathen,495045
956,Modern Tracks June '97,158711
956,Alternative Moments V,158596
956,I’m Afraid of Americans,1290430
956,Earthling,1285938
956,20th Century Boy,980560
956,Bowie Now,1374270
956,Reality,1269127
956,Golden Years,1106618
956,Stage,2169949
956,Fame and Fashion (David Bowie’s All Time Greatest Hits),1104362
956,Take Off: “Heroes”,295260
956,Heathen,1056313
956,MissingLinksOneZiggy,675252
956,Earthling,522796
956,Happy Birthday Mr Bowie,980501
956,Black Tie White Noise,5002
956,WBCN Naked Too: A Companion Collection of Unreleased Performances,134055
956,Heathen,4982
956,All Saints (Collected Instrumentals 1977–1999),814388
956,The Rise and Fall of Ziggy Stardust and the Spiders From Mars,195481
956,Little Wonder,124498
956,Low,723758
956,Heathen,1526004
956,Outside / Earthling / Hours / Heathen / Reality,1169985
956,David Bowie,1027546
956,Stage,708042
956,Bang Bang (live version),50308
956,The Rise and Fall of Ziggy Stardust and the Spiders From Mars,404353
956,Eart hl i ng,328674
956,Christiane F.: Wir Kinder vom Bahnhof Zoo,1106619
956,liveandwell.com,77028
956,Low,723757
956,"CMJ New Music Monthly, Volume 75: November 1999",18015
956,Low,1150873
956,Earthling,4979
956,Sound + Vision,1091090
956,Best of Bowie,1203308
956,The ’69 Tapes,708842
956,‘hours…’,467015
956,The Oddball Couple,1011392
956,Low,4960
956,“Heroes”,294744
956,“Heroes”,121852
956,Let’s Dance,809757
956,Zeit! 77–79,1338214
956,Low,1120977
956,‘hours…’,522792
956,‘hours…’,124628
956,Aladdin Sane,4949
956,The Singles Collection,7235
956,“Heroes”,4961
956,Sound + Vision,354468
956,“Heroes”,1150872
956,"1990‐05‐15: Live in Japan: Tokyo Dome, Tokyo, Japan",396153
956,The Singles Collection,7234
956,ChangesOneBowie,2169951
956,Black Tie White Noise,795903
956,Soul Asylum,980512
956,1.Outside: The Nathan Adler Diaries: A Hyper Cycle,91494
956,ChangesOneBowie,1106620
956,Sound + Vision,128495
956,Ziggy Stardust and The Spiders From Mars: The Motion Picture Soundtrack,495063
956,Let’s Dance,1109404
956,“Heroes”,522839
956,Sound + Vision,814877
956,Q: The Best Tracks From the Best Albums: From 2002,155125
956,Let’s Dance,670196
956,Earthling,396154
956,"Saturday Night Live: 25 Years of Musical Performances, Volume 1",291426
956,Fame,1431558
956,Reality,645025
956,Lodger,4964
956,Lodger,1323029
956,1.Outside: The Nathan Adler Diaries: A Hyper Cycle,522800
956,Control: Music From the Motion Picture,660399
956,Best of Bowie,664
956,“Heroes”,577417
956,ChangesTwoBowie,820604
956,Ziggy Stardust: The Motion Picture,432876
956,Heathen,1106608
956,Reality,4985
956,Let’s Dance,522845
956,Earthling,7825
956,The Best Glam Rock Album in the World… Ever!,663920
956,Bowie Now,2164818
956,Let’s Dance,1290128
956,The Forgotten Songs of David Robert Jones,175024
956,“Heroes”,777504
956,ChangesOneBowie,1085753
956,The Buddha of Suburbia,1203588
956,Fame and Fashion (David Bowie’s All Time Greatest Hits),386213
956,Ziggy Stardust and The Spiders From Mars: The Motion Picture Soundtrack,201768
956,Hallo Spaceboy,1105140
956,Heathen,9177
956,Let’s Dance,1054964
956,Low,721265
956,Low,522837
956,‘hours…’,1290440
956,Jump They Say,51052
956,The Rise and Fall of Ziggy Stardust and the Spiders From Mars,733387
956,Musikexpress 9: EMI,170799
956,Changesbowie,7226
956,Low,721263
956,Low,723752
956,The Hearts Filthy Lesson,798009
956,Control,537739
956,Let’s Dance,4968
956,Earthling,1283019
956,Golden Years,1289275
956,Heathen,77044
956,Vampires of Human Flesh,12539
956,Best of Bowie,266529
956,Heathen,1268101
956,Heathen,495057
956,The Rise and Fall of Ziggy Stardust and the Spiders From Mars,346144
956,The Rise and Fall of Ziggy Stardust and the Spiders From Mars,4945
956,Low,777490
956,Absolutely Rare,895379
956,Tonight,4970
956,Reality,1235154
956,Fame and Fashion (David Bowie’s All Time Greatest Hits),1395050
956,“Heroes”,294745
956,Tenth Anniversary: Ongoing History of New Music,168124
956,Earthling,76973
956,Black Tie White Noise,5807
956,Hallo Spaceboy,277020
956,Hallo Spaceboy,50558
956,Heathen,717335
956,Changesbowie,309665
956,Low,1244908
956,Let’s Dance,814642
956,8 from Sound and Vision,980061
956,Control,321831
956,Q: Best of 03,266622
956,Let’s Dance,1235178
956,David Bowie (Billboard Hits USA),980113
956,ChangesTwoBowie,820605
956,Earthling,1243382
956,Real Cool World,50322
956,Strangers When We Meet,51074
956,Hallo Spaceboy,51078
956,Hallo Spaceboy,277019
956,Heathen,346601
956,Changesbowie,8721
956,Ziggy Stardust: The Motion Picture,495064
956,"1972‐01‐11: Sounds of the 70's: John Peel, T1, Kensington House, Shepherds Bush, London, England",1197949
956,Little Wonder,966753
956,Alternative Biography,673281
956,Reality,522788
956,“Heroes”,1244915
956,Heathen,1072324
956,Fame and Fashion (David Bowie’s All Time Greatest Hits),386216
956,Strangers When We Meet,51075
956,Hallo Spaceboy,51076
956,Hallo Spaceboy,51077
956,Changesbowie,309663
956,Low,121853
956,Reality,4984
956,Best of Bowie,7071
956,White Light/White Heat,109543
956,"John, I’m Only Dancing",176360
59036,The World Cafe (Live) 2004-11-11,82448
59036,The Big Come Up,17328
59036,Brothers,679362
59036,Magic Potion,1268374
59036,2004-09-05: KEXP Live,963319
59036,Award Tour: The 2011 Grammy Remix,1651581
59036,2003-05-07 Peel Session,961669
59036,Brothers,760557
59036,Your Touch,393387
59036,Thickfreakness,17327
59036,Magic Potion,1278091
59036,Magic Potion,574614
59036,Thickfreakness,401236
59036,Magic Potion,172062
59036,"Juanitas (Mar 18, '04)",948949
59036,"At TT the Bears (Cambridge, MA 2003-5-16 Live)",142624
2402,The Seventh One,59175
2402,Mindfields,284267
2402,Best Ballads,238839
2402,Africa: The Best of Toto,566818
2402,The Collection,1308003
2402,Toto,449122
2402,Best Ballads,987486
2402,The Very Best of Rock 1990-93,916353
2402,Lo mejor de los 80 (disc 1),980050
2402,"1987-02-04: Fahrenheit World Tour: Le Zenith, Paris, France",983507
2402,Africa,69466
2402,Best Ballads,971246
2402,Kingdom of Desire,160775
2402,The Race Is On,96603
2402,The Seventh One,987472
2402,"Rockbox, Volume 3",989141
2402,"1999-03-06: Mindfields World Tour: Valby Hallen, Copenhagen, Denmark",983463
2402,Kingdom of Desire,160711
2402,Hit Collection,530769
2402,Kingdom of Desire,160776
2402,Greatest Hits,146713
2402,Livefields (1999 live),850919
2402,Through the Looking Glass,158707
2402,Music in Motion I,106307
2402,XX (1977-1997),416777
2402,Halvliter rock,801762
2402,Rock Platinum,962907
2402,Kingdom of Desire,1266840
2402,The Impossible Concert,625102
2402,Greatest Hits of the Seventies,885565
2402,Super Hits,1265620
2402,Greatest Hits,969132
2402,"Rock Times, Volume 12: 1977-1978",445600
2402,Rock Line Best Of (disc 1),88953
2402,"The Alltime Greatest Rock Classics 2 of the 70s, 80s & 90s",1280971
2402,The Best Of,987480
2402,A Rock and Roll Band,987474
2402,Rock Mega Stars,933559
2402,Knuffelrock 4,275957
2402,Greatest Hits,632146
2402,Love Songs,415542
2402,"The Ultimate Collection of Rock & Roll, Volume 6: Superstars of the 70's",67705
2402,Dune: Original Soundtrack Recording,71790
2402,Mindfields,1176749
2402,Out of Love,987475
2402,Mindfields,987469
2402,Harley-Davidson: One for the Road,242034
2402,The Essential Toto,410242
2402,Kingdom of Desire,162707
2402,Circa 1980's,987479
2402,The Seventh One,383755
2402,Driving Rock: 37 Classic Anthems for the Open Road,179453
2402,Livefields,382140
2402,"The All Time Greatest Rock Songs, Volume 2",980818
2402,The Best Rock Ballads …Ever!,817753
2402,Double 70,988416
2402,Hold the Line: The Very Best of Toto,554091
2402,Mindfields,284266
